{
  "planets": [
    {
      "name": "Star",
      "id": 0,
      "mass": 1.0,
      "initial_position": [
        9.182862281799316,
        0.9981156587600708,
        -1.1947124004364014
      ],
      "initial_velocity": [
        -0.3272629976272583,
        -0.11000588536262512,
        0.16170552372932434
      ],
      "create_stable_orbit": 0,
      "eccentricity": 0,
      "id_of_central_body": null,
      "colour": "yellow",
      "simulation": 1
    },
    {
      "name": "Planet1",
      "id": 1,
      "mass": 1.0,
      "initial_position": [
        3.2924695014953613,
        -0.7674083709716797,
        -4.0730366706848145
      ],
      "initial_velocity": [
        -0.05819306895136833,
        0.07268355786800385,
        -0.10913272947072983
      ],
      "create_stable_orbit": 0,
      "eccentricity": 0,
      "id_of_central_body": 0,
      "colour": "blue",
      "simulation": 1
    },
    {
      "name": "Planet2",
      "id": 2,
      "mass": 1.0,
      "initial_position": [
        -7.951872825622559,
        0.3273646831512451,
        3.946981191635132
      ],
      "initial_velocity": [
        -0.35583174228668213,
        0.009539850056171417,
        -0.258633553981781
      ],
      "create_stable_orbit": 0,
      "eccentricity": 0,
      "id_of_central_body": 0,
      "colour": "grey",
      "simulation": 1
    }
  ]
}