{
  "planets": [
    {
      "name": "Star",
      "id": 0,
      "mass": 1,
      "initial_position": [
        1.1070183515548706,
        0.80658358335495,
        0.07861153036355972
      ],
      "initial_velocity": [
        -2.579209566116333,
        4.445195198059082,
        5.535791873931885
      ],
      "create_stable_orbit": 0,
      "eccentricity": 0,
      "id_of_central_body": null,
      "colour": "yellow",
      "simulation": 1
    },
    {
      "name": "Planet1",
      "id": 1,
      "mass": 1,
      "initial_position": [
        -1.4837480783462524,
        0.37439069151878357,
        -1.1539726257324219
      ],
      "initial_velocity": [
        -2.305940628051758,
        -1.1991087198257446,
        -5.886134147644043
      ],
      "create_stable_orbit": 0,
      "eccentricity": 0,
      "id_of_central_body": 0,
      "colour": "blue",
      "simulation": 1
    },
    {
      "name": "Planet2",
      "id": 2,
      "mass": 1,
      "initial_position": [
        0.23722106218338013,
        -0.04790370166301727,
        -2.054854393005371
      ],
      "initial_velocity": [
        0.7637456059455872,
        5.370309352874756,
        2.2224183082580566
      ],
      "create_stable_orbit": 0,
      "eccentricity": 0,
      "id_of_central_body": 0,
      "colour": "grey",
      "simulation": 1
    }
  ]
}