{
  "planets": [
    {
      "name": "Star",
      "id": 0,
      "mass": 1,
      "initial_position": [
        0.06968984007835388,
        2.690145254135132,
        0.6296747922897339
      ],
      "initial_velocity": [
        3.0725419521331787,
        -2.4583990573883057,
        0.1475691795349121
      ],
      "create_stable_orbit": 0,
      "eccentricity": 0,
      "id_of_central_body": null,
      "colour": "yellow",
      "simulation": 1
    },
    {
      "name": "Planet1",
      "id": 1,
      "mass": 1,
      "initial_position": [
        -0.19630451500415802,
        1.6888656616210938,
        -0.24864943325519562
      ],
      "initial_velocity": [
        2.9765093326568604,
        -2.513240098953247,
        0.3858589828014374
      ],
      "create_stable_orbit": 0,
      "eccentricity": 0,
      "id_of_central_body": 0,
      "colour": "blue",
      "simulation": 1
    },
    {
      "name": "Planet2",
      "id": 2,
      "mass": 1,
      "initial_position": [
        -0.8592082262039185,
        -0.576135516166687,
        0.20112524926662445
      ],
      "initial_velocity": [
        2.78279447555542,
        -2.6890077590942383,
        0.04870598018169403
      ],
      "create_stable_orbit": 0,
      "eccentricity": 0,
      "id_of_central_body": 0,
      "colour": "grey",
      "simulation": 1
    }
  ]
}